{
  "ret": true,
  "data": {
    "sightName": "湖南省森林植物园(AAAA景区)",
    "bannerImg": "http://img1.qunarzz.com/sight/p0/1804/91/917f8ff98ab0bf6fa3.img.jpg_600x330_72b50b91.jpg",
    "gallaryImgs": ["http://img1.qunarzz.com/sight/p0/1804/91/917f8ff98ab0bf6fa3.img.jpg_r_800x800_7a5a74bb.jpg", "http://img1.qunarzz.com/sight/p0/1804/dd/ddd156acaad9b19ca3.img.jpg_r_800x800_06e67c81.jpg"],
    "cardInfo":{
      "score":4.8,
      "comment":820,
      "address":"湖南省长沙市雨花区植物园路111号",
      "desc":"超赞",
      "walkthrough":3
    },
    "recommendInfo":[{
      "title":"橘子洲湘江游船+观光车+乐游小食套餐成人票(夜游 20:00起航)(20:00起航 赠乐游小食套餐)",
      "time":"19:30前随买随用",
      "price":150,
      "type":"预订"
    },{
      "title":"【无线耳麦+辛追挂饰+9折券】省博+橘子洲+湘江游轮+岳麓山",
      "time":"23:00前可订明日",
      "price":89,
      "type":"查看"
    },{
      "title":"【16:00班次】湘江游轮成人票（含橘子洲观光车通票）",
      "time":"可订明日",
      "price":140,
      "type":"预订"
    }]
  }
}
