{
  "ret": true,
  "data": {
    "sightName": "靖港古镇(AAAA景区)",
    "bannerImg": "http://img1.qunarzz.com/sight/p0/1412/68/42da26a54c27a3c237b4d10a61583c36.water.jpg_600x330_bd7fbe7f.jpg",
    "gallaryImgs": ["http://img1.qunarzz.com/sight/p0/1412/68/42da26a54c27a3c237b4d10a61583c36.water.jpg_r_800x800_bfe37915.jpg", "http://img1.qunarzz.com/sight/p0/1412/73/07107f07b9bfe91b4368bc532a8c339e.water.jpg_r_800x800_c7a6385f.jpg"],
    "cardInfo":{
      "score":4.3,
      "comment":1023,
      "address":"湖南省长沙市望城区靖港镇",
      "desc":"很棒",
      "walkthrough":5
    },
    "recommendInfo":[{
      "title":"橘子洲湘江游船+观光车+乐游小食套餐成人票(夜游 20:00起航)(20:00起航 赠乐游小食套餐)",
      "time":"19:30前随买随用",
      "price":150,
      "type":"预订"
    },{
      "title":"【无线耳麦+辛追挂饰+9折券】省博+橘子洲+湘江游轮+岳麓山",
      "time":"23:00前可订明日",
      "price":89,
      "type":"查看"
    },{
      "title":"【16:00班次】湘江游轮成人票（含橘子洲观光车通票）",
      "time":"可订明日",
      "price":140,
      "type":"预订"
    }]
  }
}

